-- MariaDB dump 10.19  Distrib 10.4.28-MariaDB, for Win64 (AMD64)
--
-- Host: localhost    Database: letturepremiate
-- ------------------------------------------------------
-- Server version	10.4.28-MariaDB

/*!40101 SET @OLD_CHARACTER_SET_CLIENT=@@CHARACTER_SET_CLIENT */;
/*!40101 SET @OLD_CHARACTER_SET_RESULTS=@@CHARACTER_SET_RESULTS */;
/*!40101 SET @OLD_COLLATION_CONNECTION=@@COLLATION_CONNECTION */;
/*!40101 SET NAMES utf8mb4 */;
/*!40103 SET @OLD_TIME_ZONE=@@TIME_ZONE */;
/*!40103 SET TIME_ZONE='+00:00' */;
/*!40014 SET @OLD_UNIQUE_CHECKS=@@UNIQUE_CHECKS, UNIQUE_CHECKS=0 */;
/*!40014 SET @OLD_FOREIGN_KEY_CHECKS=@@FOREIGN_KEY_CHECKS, FOREIGN_KEY_CHECKS=0 */;
/*!40101 SET @OLD_SQL_MODE=@@SQL_MODE, SQL_MODE='NO_AUTO_VALUE_ON_ZERO' */;
/*!40111 SET @OLD_SQL_NOTES=@@SQL_NOTES, SQL_NOTES=0 */;

--
-- Table structure for table `autore`
--

DROP TABLE IF EXISTS `autore`;
/*!40101 SET @saved_cs_client     = @@character_set_client */;
/*!40101 SET character_set_client = utf8 */;
CREATE TABLE `autore` (
  `id` int(8) NOT NULL,
  `nome` varchar(255) NOT NULL,
  PRIMARY KEY (`id`),
  UNIQUE KEY `ID_AUTORE_IND` (`id`)
) ENGINE=InnoDB DEFAULT CHARSET=utf8mb4 COLLATE=utf8mb4_general_ci;
/*!40101 SET character_set_client = @saved_cs_client */;

--
-- Dumping data for table `autore`
--

LOCK TABLES `autore` WRITE;
/*!40000 ALTER TABLE `autore` DISABLE KEYS */;
INSERT INTO `autore` VALUES (0,'unknow'),(1,'Christian Bobin'),(2,'A.A. Milne'),(3,'Toshikazu Kawaguchi');
/*!40000 ALTER TABLE `autore` ENABLE KEYS */;
UNLOCK TABLES;

--
-- Table structure for table `commenti`
--

DROP TABLE IF EXISTS `commenti`;
/*!40101 SET @saved_cs_client     = @@character_set_client */;
/*!40101 SET character_set_client = utf8 */;
CREATE TABLE `commenti` (
  `utenteIdPost` int(8) NOT NULL,
  `dataOraPost` date NOT NULL,
  `utenteIdComm` int(8) NOT NULL,
  `dataOraComm` date NOT NULL,
  `commento` varchar(1023) NOT NULL,
  PRIMARY KEY (`utenteIdPost`,`dataOraPost`,`utenteIdComm`,`dataOraComm`),
  UNIQUE KEY `ID_COMMENTI_IND` (`utenteIdPost`,`dataOraPost`,`utenteIdComm`,`dataOraComm`),
  KEY `REF_COMME_UTENT_IND` (`utenteIdComm`)
) ENGINE=InnoDB DEFAULT CHARSET=utf8mb4 COLLATE=utf8mb4_general_ci;
/*!40101 SET character_set_client = @saved_cs_client */;

--
-- Dumping data for table `commenti`
--

LOCK TABLES `commenti` WRITE;
/*!40000 ALTER TABLE `commenti` DISABLE KEYS */;
/*!40000 ALTER TABLE `commenti` ENABLE KEYS */;
UNLOCK TABLES;

--
-- Table structure for table `compone`
--

DROP TABLE IF EXISTS `compone`;
/*!40101 SET @saved_cs_client     = @@character_set_client */;
/*!40101 SET character_set_client = utf8 */;
CREATE TABLE `compone` (
  `medagliereId` int(8) NOT NULL,
  `libroId` int(8) NOT NULL,
  PRIMARY KEY (`libroId`,`medagliereId`),
  UNIQUE KEY `ID_Compone_IND` (`libroId`,`medagliereId`),
  KEY `EQU_Compo_MEDAG_IND` (`medagliereId`)
) ENGINE=InnoDB DEFAULT CHARSET=utf8mb4 COLLATE=utf8mb4_general_ci;
/*!40101 SET character_set_client = @saved_cs_client */;

--
-- Dumping data for table `compone`
--

LOCK TABLES `compone` WRITE;
/*!40000 ALTER TABLE `compone` DISABLE KEYS */;
INSERT INTO `compone` VALUES (0,10007),(1,10007),(1,10010),(1,10018),(2,10018);
/*!40000 ALTER TABLE `compone` ENABLE KEYS */;
UNLOCK TABLES;

--
-- Table structure for table `libro`
--

DROP TABLE IF EXISTS `libro`;
/*!40101 SET @saved_cs_client     = @@character_set_client */;
/*!40101 SET character_set_client = utf8 */;
CREATE TABLE `libro` (
  `id` int(8) NOT NULL,
  `titolo` varchar(255) NOT NULL,
  PRIMARY KEY (`id`),
  UNIQUE KEY `ID_LIBRO_IND` (`id`)
) ENGINE=InnoDB DEFAULT CHARSET=utf8mb4 COLLATE=utf8mb4_general_ci;
/*!40101 SET character_set_client = @saved_cs_client */;

--
-- Dumping data for table `libro`
--

LOCK TABLES `libro` WRITE;
/*!40000 ALTER TABLE `libro` DISABLE KEYS */;
INSERT INTO `libro` VALUES (0,'default1'),(10007,'L\'uomo che cammina'),(10010,'Il primo caffè della giornata'),(10018,'Winnie Puh');
/*!40000 ALTER TABLE `libro` ENABLE KEYS */;
UNLOCK TABLES;

--
-- Table structure for table `medagliere`
--

DROP TABLE IF EXISTS `medagliere`;
/*!40101 SET @saved_cs_client     = @@character_set_client */;
/*!40101 SET character_set_client = utf8 */;
CREATE TABLE `medagliere` (
  `id` int(8) NOT NULL,
  `titolo` varchar(255) NOT NULL,
  `descrizione` varchar(1023) CHARACTER SET utf8mb4 COLLATE utf8mb4_unicode_ci NOT NULL DEFAULT 'Un nuovo medagliere ti aspetta!',
  PRIMARY KEY (`id`),
  UNIQUE KEY `ID_MEDAGLIERE_IND` (`id`)
) ENGINE=InnoDB DEFAULT CHARSET=utf8mb4 COLLATE=utf8mb4_general_ci;
/*!40101 SET character_set_client = @saved_cs_client */;

--
-- Dumping data for table `medagliere`
--

LOCK TABLES `medagliere` WRITE;
/*!40000 ALTER TABLE `medagliere` DISABLE KEYS */;
INSERT INTO `medagliere` VALUES (0,'Benvenuto!','Ti diamo il benvenuto nel nostro social con questo primissimo medagliere facilissimo da completare, infatti ti basterà leggere soltanto 1 libro. Vedi qui sotto per scoprire quale!'),(1,'Continua così!','Se ti è piaciuta la scorsa sfida, sicuramente amerai anche questa! Ti sfidiamo ad arricchire il medagliere di benvenuto leggendo questi nuovi 2 libri!'),(2,'debug1','debug1debug1debug1');
/*!40000 ALTER TABLE `medagliere` ENABLE KEYS */;
UNLOCK TABLES;

--
-- Table structure for table `notifica`
--

DROP TABLE IF EXISTS `notifica`;
/*!40101 SET @saved_cs_client     = @@character_set_client */;
/*!40101 SET character_set_client = utf8 */;
CREATE TABLE `notifica` (
  `id` int(8) NOT NULL,
  `dataOra` date NOT NULL,
  `descrizione` varchar(255) NOT NULL,
  `tipo` char(1) NOT NULL,
  `utenteId` char(1) NOT NULL,
  `utenteIdPost` char(1) DEFAULT NULL,
  `dataOraPost` date DEFAULT NULL,
  PRIMARY KEY (`id`),
  UNIQUE KEY `ID_NOTIFICA_IND` (`id`),
  KEY `REF_NOTIF_UTENT_IND` (`utenteId`),
  KEY `REF_NOTIF_POST_IND` (`utenteIdPost`,`dataOraPost`)
) ENGINE=InnoDB DEFAULT CHARSET=utf8mb4 COLLATE=utf8mb4_general_ci;
/*!40101 SET character_set_client = @saved_cs_client */;

--
-- Dumping data for table `notifica`
--

LOCK TABLES `notifica` WRITE;
/*!40000 ALTER TABLE `notifica` DISABLE KEYS */;
/*!40000 ALTER TABLE `notifica` ENABLE KEYS */;
UNLOCK TABLES;

--
-- Table structure for table `post`
--

DROP TABLE IF EXISTS `post`;
/*!40101 SET @saved_cs_client     = @@character_set_client */;
/*!40101 SET character_set_client = utf8 */;
CREATE TABLE `post` (
  `utenteId` int(8) NOT NULL,
  `dataOra` datetime NOT NULL,
  `citazioneTestuale` varchar(255) DEFAULT NULL,
  `fotoCitazione` varchar(127) DEFAULT NULL,
  `riflessione` varchar(2047) NOT NULL,
  `counterMiPiace` decimal(6,0) NOT NULL,
  `counterAdoro` decimal(6,0) NOT NULL,
  `libroId` int(8) NOT NULL,
  PRIMARY KEY (`utenteId`,`dataOra`),
  UNIQUE KEY `ID_POST_IND` (`utenteId`,`dataOra`),
  KEY `REF_POST_LIBRO_IND` (`libroId`)
) ENGINE=InnoDB DEFAULT CHARSET=utf8mb4 COLLATE=utf8mb4_general_ci;
/*!40101 SET character_set_client = @saved_cs_client */;

--
-- Dumping data for table `post`
--

LOCK TABLES `post` WRITE;
/*!40000 ALTER TABLE `post` DISABLE KEYS */;
INSERT INTO `post` VALUES (3,'2024-01-11 16:53:44','Esercitarsi a non sapere e a meravigliarsi','jacopo__2024_01_11__16_53_44.jpeg','Leggendo questa frase ho meditato su quanto fosse importante questo banale aspetto della vita che ci permette di essere felici con poco e che non lo si dà così per scontato',0,0,0),(3,'2024-01-11 16:54:38','al mio funerale vengano un sacco di animali, che gli umani restino a bocca aperta, spinti di qua e di là da un bel gruppetto folto di animali','jacopo__2024_01_11__16_54_38.jpeg','Questa mi è piaciuta perché vorrei che il mio funerale fosse così!',0,0,0),(3,'2024-01-11 16:57:33','Una buona pratica, preliminare a qualunque altra, è la pratica della meraviglia. La pratica della meraviglia è una pratica che cura anche il cuore più ferito della terra',NULL,'Mi è piaciuta perché vorrei imparare la pratica della meraviglia',0,0,0),(3,'2024-01-11 16:58:32',NULL,'jacopo__2024_01_11__16_58_32.jpeg','Mi è piaciuta perché così non dimentico le persone a cui volevo bene e che non sono più qui',0,0,0),(3,'2024-01-11 22:36:18','aa','jacopo__2024_01_11__22_36_18.jpeg','aa',0,0,0),(3,'2024-01-12 14:52:14','Ciò che si condivide si moltiplica','jacopo__2024_01_12__14_52_14.jpeg','Mi piace “l’intelligenza del dono”: è proprio, inspiegabilmente, così: “ciò che si condivide si moltiplica”. ',0,0,10007),(3,'2024-01-12 15:04:12','Quando ti svegli la mattina, Puh, chiese infine Porcelletto, \"qual è la prima cosa che pensi?\". \"Che cosa c\'è per colazione?\" rispose Puh. \"E tu, Porcelletto?\". \"Io penso: chissà che cosa succederà oggi di emozionante?\" risposte Porcelletto. Puh annuì con','jacopo__2024_01_12__15_04_12.jpeg','La colazione allora è veramente la cosa più importante della giornata!',0,0,10018);
/*!40000 ALTER TABLE `post` ENABLE KEYS */;
UNLOCK TABLES;

--
-- Table structure for table `scrittoda`
--

DROP TABLE IF EXISTS `scrittoda`;
/*!40101 SET @saved_cs_client     = @@character_set_client */;
/*!40101 SET character_set_client = utf8 */;
CREATE TABLE `scrittoda` (
  `libroId` int(8) NOT NULL,
  `autoreId` int(8) NOT NULL,
  PRIMARY KEY (`autoreId`,`libroId`),
  UNIQUE KEY `ID_ScrittoDa_IND` (`autoreId`,`libroId`),
  KEY `EQU_Scrit_LIBRO_IND` (`libroId`)
) ENGINE=InnoDB DEFAULT CHARSET=utf8mb4 COLLATE=utf8mb4_general_ci;
/*!40101 SET character_set_client = @saved_cs_client */;

--
-- Dumping data for table `scrittoda`
--

LOCK TABLES `scrittoda` WRITE;
/*!40000 ALTER TABLE `scrittoda` DISABLE KEYS */;
INSERT INTO `scrittoda` VALUES (10007,1),(10018,2),(10010,3);
/*!40000 ALTER TABLE `scrittoda` ENABLE KEYS */;
UNLOCK TABLES;

--
-- Table structure for table `segue`
--

DROP TABLE IF EXISTS `segue`;
/*!40101 SET @saved_cs_client     = @@character_set_client */;
/*!40101 SET character_set_client = utf8 */;
CREATE TABLE `segue` (
  `seguitoId` char(1) NOT NULL,
  `seguenteId` char(1) NOT NULL,
  PRIMARY KEY (`seguitoId`,`seguenteId`),
  UNIQUE KEY `ID_Segue_IND` (`seguitoId`,`seguenteId`),
  KEY `REF_Segue_UTENT_1_IND` (`seguenteId`)
) ENGINE=InnoDB DEFAULT CHARSET=utf8mb4 COLLATE=utf8mb4_general_ci;
/*!40101 SET character_set_client = @saved_cs_client */;

--
-- Dumping data for table `segue`
--

LOCK TABLES `segue` WRITE;
/*!40000 ALTER TABLE `segue` DISABLE KEYS */;
/*!40000 ALTER TABLE `segue` ENABLE KEYS */;
UNLOCK TABLES;

--
-- Table structure for table `sottoscrive`
--

DROP TABLE IF EXISTS `sottoscrive`;
/*!40101 SET @saved_cs_client     = @@character_set_client */;
/*!40101 SET character_set_client = utf8 */;
CREATE TABLE `sottoscrive` (
  `utenteId` char(1) NOT NULL,
  `medagliereId` int(8) NOT NULL,
  PRIMARY KEY (`medagliereId`,`utenteId`)
) ENGINE=InnoDB DEFAULT CHARSET=utf8mb4 COLLATE=utf8mb4_general_ci;
/*!40101 SET character_set_client = @saved_cs_client */;

--
-- Dumping data for table `sottoscrive`
--

LOCK TABLES `sottoscrive` WRITE;
/*!40000 ALTER TABLE `sottoscrive` DISABLE KEYS */;
INSERT INTO `sottoscrive` VALUES ('3',0),('3',1),('3',2);
/*!40000 ALTER TABLE `sottoscrive` ENABLE KEYS */;
UNLOCK TABLES;

--
-- Table structure for table `tagperpost`
--

DROP TABLE IF EXISTS `tagperpost`;
/*!40101 SET @saved_cs_client     = @@character_set_client */;
/*!40101 SET character_set_client = utf8 */;
CREATE TABLE `tagperpost` (
  `utenteIdPost` char(1) NOT NULL,
  `dataOraPost` date NOT NULL,
  `tagId` char(1) NOT NULL,
  PRIMARY KEY (`utenteIdPost`,`dataOraPost`,`tagId`)
) ENGINE=InnoDB DEFAULT CHARSET=utf8mb4 COLLATE=utf8mb4_general_ci;
/*!40101 SET character_set_client = @saved_cs_client */;

--
-- Dumping data for table `tagperpost`
--

LOCK TABLES `tagperpost` WRITE;
/*!40000 ALTER TABLE `tagperpost` DISABLE KEYS */;
/*!40000 ALTER TABLE `tagperpost` ENABLE KEYS */;
UNLOCK TABLES;

--
-- Table structure for table `tags`
--

DROP TABLE IF EXISTS `tags`;
/*!40101 SET @saved_cs_client     = @@character_set_client */;
/*!40101 SET character_set_client = utf8 */;
CREATE TABLE `tags` (
  `id` int(8) NOT NULL,
  `testo` char(1) NOT NULL,
  PRIMARY KEY (`id`)
) ENGINE=InnoDB DEFAULT CHARSET=utf8mb4 COLLATE=utf8mb4_general_ci;
/*!40101 SET character_set_client = @saved_cs_client */;

--
-- Dumping data for table `tags`
--

LOCK TABLES `tags` WRITE;
/*!40000 ALTER TABLE `tags` DISABLE KEYS */;
/*!40000 ALTER TABLE `tags` ENABLE KEYS */;
UNLOCK TABLES;

--
-- Table structure for table `utente`
--

DROP TABLE IF EXISTS `utente`;
/*!40101 SET @saved_cs_client     = @@character_set_client */;
/*!40101 SET character_set_client = utf8 */;
CREATE TABLE `utente` (
  `id` int(8) NOT NULL AUTO_INCREMENT,
  `username` varchar(80) NOT NULL,
  `email` varchar(80) NOT NULL,
  `pwd` varchar(120) NOT NULL,
  `immagineProfilo` varchar(255) NOT NULL,
  `isAdmin` int(1) NOT NULL,
  `descrizione` varchar(150) DEFAULT NULL,
  `stato` int(1) NOT NULL,
  `numeroFollow` int(8) NOT NULL,
  PRIMARY KEY (`id`)
) ENGINE=InnoDB AUTO_INCREMENT=8 DEFAULT CHARSET=utf8mb4 COLLATE=utf8mb4_general_ci;
/*!40101 SET character_set_client = @saved_cs_client */;

--
-- Dumping data for table `utente`
--

LOCK TABLES `utente` WRITE;
/*!40000 ALTER TABLE `utente` DISABLE KEYS */;
INSERT INTO `utente` VALUES (1,'pier','pier@tecweb.com','$2y$10$gFrPumcEaL5CcXvtGXM9xuMJXNf/UQ01qwAzFXR5XPwsPXbtJV.B6','65a25d1737bf9_Senza_nome.png',0,'Ciao, mi chiamo Pierangelo Motta',0,0),(2,'luca','luca@webtec.it','$2y$10$YU5cUJ4u1mijevPHw6/eA.HpBmhiy.V6b/GQ7Ft9XaYWsIuZKW7He','luca.png',0,'Ciao sono LUCA',0,0),(3,'jacopo','jacopo@webtec.it','$2y$10$42RzrrImDVkkEM3LsluT0ekx6hGZPWod7kTXa/S6.9dhct8TcxskS','659df9bbcb885_incisione.jpg',0,NULL,0,0),(4,'user1','user1@tecweb.it','$2y$10$xTlnGZDq.deb1ZDaJdrpT.G7amPo1OH74wWkkmX2upyGf1PDcdMeS','',0,NULL,0,0),(5,'sara','sara@tecweb.it','$2y$10$YuoPVQMqbSz390utkBmV6.Csh4aDxGO5fyALnG3/xhDbSGkOSunh.','',0,NULL,0,0),(6,'lory','lory.casa.it','$2y$10$pBfSQJJBR60xqPkhLqi5yuCZC2dagqhc56SPMmRI4qNoEgsfVbLgm','',0,NULL,1,0),(7,'admin','admin@tecweb.it','$2y$10$3OlMvmQbXDETNgS8Mqdi6.nIi0ZRT88H0ud2JHL4hWZ3tC1VJcn12','65a25733abf6d_root.jpg',1,'System Admin',0,0);
/*!40000 ALTER TABLE `utente` ENABLE KEYS */;
UNLOCK TABLES;
/*!40103 SET TIME_ZONE=@OLD_TIME_ZONE */;

/*!40101 SET SQL_MODE=@OLD_SQL_MODE */;
/*!40014 SET FOREIGN_KEY_CHECKS=@OLD_FOREIGN_KEY_CHECKS */;
/*!40014 SET UNIQUE_CHECKS=@OLD_UNIQUE_CHECKS */;
/*!40101 SET CHARACTER_SET_CLIENT=@OLD_CHARACTER_SET_CLIENT */;
/*!40101 SET CHARACTER_SET_RESULTS=@OLD_CHARACTER_SET_RESULTS */;
/*!40101 SET COLLATION_CONNECTION=@OLD_COLLATION_CONNECTION */;
/*!40111 SET SQL_NOTES=@OLD_SQL_NOTES */;

-- Dump completed on 2024-01-14 10:41:12
